Workbook

Sheet GST_Revenue-All_India
A1: All India Month wise GST Collection and Refund during Financial Year 2025-26
A3: Data upto : 31st Mar 2026
A5: (Rs. Crores)
B7: Financial Year (up to the Month - Mar 2026) | F7: 45748 | J7: 45778 | N7: 45809 | R7: 45839 | V7: 45870 | Z7: 45901 | AD7: 45931 | AH7: 45962 | AL7: 45992 | AP7: 46023 | AT7: 46054 | AX7: 46082
B8: CGST | C8: SGST | D8: IGST | E8: TOTAL | F8: CGST | G8: SGST | H8: IGST | I8: TOTAL | J8: CGST | K8: SGST | L8: IGST | M8: TOTAL | N8: CGST | O8: SGST | P8: IGST | Q8: TOTAL | R8: CGST | S8: SGST | T8: IGST | U8: TOTAL | V8: CGST | W8: SGST | X8: IGST | Y8: TOTAL | Z8: CGST | AA8: SGST | AB8: IGST | AC8: TOTAL | AD8: CGST | AE8: SGST | AF8: IGST | AG8: TOTAL | AH8: CGST | AI8: SGST | AJ8: IGST | AK8: TOTAL | AL8: CGST | AM8: SGST | AN8: IGST | AO8: TOTAL | AP8: CGST | AQ8: SGST | AR8: IGST | AS8: TOTAL | AT8: CGST | AU8: SGST | AV8: IGST | AW8: TOTAL | AX8: CGST | AY8: SGST | AZ8: IGST | BA8: TOTAL
A9: A. Collection
A10: Domestic | B10: ='Collections-Statewise'!C46 -> 444309.48 | C10: ='Collections-Statewise'!D46 -> 551301.6 | D10: ='Collections-Statewise'!E46 -> 636158.3 | E10: ='Collections-Statewise'!F46 -> 1631769.4 | F10: ='Collections-Statewise'!G46 -> 48633.73 | G10: ='Collections-Statewise'!H46 -> 59372.43 | H10: ='Collections-Statewise'!I46 -> 69504.38 | I10: ='Collections-Statewise'!J46 -> 177510.54 | ... BA10: ='Collections-Statewise'!BB46 -> 146202.27
A11: Imports | B11: ='Collections-Statewise'!C48 -> 0 | C11: ='Collections-Statewise'!D48 -> 0 | D11: ='Collections-Statewise'!E48 -> 595326.35 | E11: ='Collections-Statewise'!F48 -> 595326.35 | F11: ='Collections-Statewise'!G48 -> 0 | G11: ='Collections-Statewise'!H48 -> 0 | H11: ='Collections-Statewise'!I48 -> 45754 | I11: ='Collections-Statewise'!J48 -> 45754 | ... BA11: ='Collections-Statewise'!BB48 -> 53861.433
A12: Gross Revenue | B12: =SUM(B10:B11) -> 444309.48 | C12: =SUM(C10:C11) -> 551301.6 | D12: =SUM(D10:D11) -> 1231484.6 | E12: =SUM(E10:E11) -> 2227095.7 | F12: =SUM(F10:F11) -> 48633.73 | G12: =SUM(G10:G11) -> 59372.43 | H12: =SUM(H10:H11) -> 115258.38 | I12: =SUM(I10:I11) -> 223264.54 | ... BA12: =SUM(BA10:BA11) -> 200063.7
A14: B. Refund
A15: Domestic (RFD-05) | B15: ='Refund-Statewise'!C47 -> 38740.973 | C15: ='Refund-Statewise'!D47 -> 49440.28 | D15: ='Refund-Statewise'!E47 -> 75880.877 | E15: ='Refund-Statewise'!F47 -> 164062.13 | F15: ='Refund-Statewise'!G47 -> 3232.6 | G15: ='Refund-Statewise'!H47 -> 3847.69 | H15: ='Refund-Statewise'!I47 -> 5854.4 | I15: ='Refund-Statewise'!J47 -> 12934.69 | ... BA15: ='Refund-Statewise'!BB47 -> 14859.6
A16: Export Refund | B16: ='Refund-Statewise'!C49 -> 0 | C16: ='Refund-Statewise'!D49 -> 0 | D16: ='Refund-Statewise'!E49 -> 128568.44 | E16: ='Refund-Statewise'!F49 -> 128568.44 | F16: ='Refund-Statewise'!G49 -> 0 | G16: ='Refund-Statewise'!H49 -> 0 | H16: ='Refund-Statewise'!I49 -> 13716.324 | I16: ='Refund-Statewise'!J49 -> 13716.324 | ... BA16: ='Refund-Statewise'!BB49 -> 7214.0167
A17: Total Refund | B17: =SUM(B15:B16) -> 38740.973 | C17: =SUM(C15:C16) -> 49440.28 | D17: =SUM(D15:D16) -> 204449.32 | E17: =SUM(E15:E16) -> 292630.57 | F17: =SUM(F15:F16) -> 3232.6 | G17: =SUM(G15:G16) -> 3847.69 | H17: =SUM(H15:H16) -> 19570.724 | I17: =SUM(I15:I16) -> 26651.014 | ... BA17: =SUM(BA15:BA16) -> 22073.617
A19: Net GST Revenue collection (A-B) | B19: =B12-B17 -> 405568.51 | C19: =C12-C17 -> 501861.32 | D19: =D12-D17 -> 1027035.3 | E19: =E12-E17 -> 1934465.2 | F19: =F12-F17 -> 45401.13 | G19: =G12-G17 -> 55524.74 | H19: =H12-H17 -> 95687.656 | I19: =I12-I17 -> 196613.53 | ... BA19: =BA12-BA17 -> 177990.09
A24: Note : | B24: The above numbers are provisional and the actual numbers may slightly vary on finalisation

Sheet Collections-Statewise
A1: REVENUE COLLECTION STATE WISE MONTH WISE DURING FINANCIAL YEAR 2025-2026
A2: ='GST_Revenue-All_India'!A3 -> Data upto : 31st Mar 2026
C3: (Rs. In Crore)
A4: State Wise Domestic GST Collection
A5: State CD | B5: State | C5: ='GST_Revenue-All_India'!B7 -> Financial Year (up to the Month - Mar 2026) | G5: 45748 | K5: 45778 | O5: 45809 | S5: 45839 | W5: 45870 | AA5: 45901 | AE5: 45931 | AI5: 45962 | AM5: 45992 | AQ5: 46023 | AU5: 46054 | AY5: 46082
C6: CGST | D6: SGST | E6: IGST | F6: TOTAL | G6: CGST | H6: SGST | I6: IGST | J6: TOTAL | K6: CGST | L6: SGST | M6: IGST | N6: TOTAL | O6: CGST | P6: SGST | Q6: IGST | R6: TOTAL | S6: CGST | T6: SGST | U6: IGST | V6: TOTAL | W6: CGST | X6: SGST | Y6: IGST | Z6: TOTAL | AA6: CGST | AB6: SGST | AC6: IGST | AD6: TOTAL | AE6: CGST | AF6: SGST | AG6: IGST | AH6: TOTAL | AI6: CGST | AJ6: SGST | AK6: IGST | AL6: TOTAL | AM6: CGST | AN6: SGST | AO6: IGST | AP6: TOTAL | AQ6: CGST | AR6: SGST | AS6: IGST | AT6: TOTAL | AU6: CGST | AV6: SGST | AW6: IGST | AX6: TOTAL | AY6: CGST | AZ6: SGST | BA6: IGST | BB6: TOTAL
A7: 1 | B7: Jammu and Kashmir | C7: =G7+K7+O7+S7+W7+AA7+AE7+AI7+AM7+AQ7+AU7+AY7 -> 2176.72 | D7: =H7+L7+P7+T7+X7+AB7+AF7+AJ7+AN7+AR7+AV7+AZ7 -> 2923.18 | E7: =I7+M7+Q7+U7+Y7+AC7+AG7+AK7+AO7+AS7+AW7+BA7 -> 1858.87 | F7: =J7+N7+R7+V7+Z7+AD7+AH7+AL7+AP7+AT7+AX7+BB7 -> 6958.77 | G7: 277.39 | H7: 376.34 | I7: 214.21 | J7: =SUM(G7:I7) -> 867.94 | K7: 138.34 | L7: 201.87 | M7: 224.95 | N7: =SUM(K7:M7) -> 565.16 | O7: 156.78 | P7: 214.19 | Q7: 181.14 | R7: =SUM(O7:Q7) -> 552.11 | S7: 153.07 | T7: 224.07 | U7: 203.62 | V7: =SUM(S7:U7) -> 580.76 | W7: 162.3 | X7: 235.04 | Y7: 171.11 | Z7: =SUM(W7:Y7) -> 568.45 | AA7: 234.64 | AB7: 290.85 | AC7: 164.96 | AD7: =SUM(AA7:AC7) -> 690.45 | AE7: 168.91 | AF7: 228.04 | AG7: 148.87 | AH7: =SUM(AE7:AG7) -> 545.82 | AI7: 153.12 | AJ7: 213.66 | AK7: 124.99 | AL7: =SUM(AI7:AK7) -> 491.77 | AM7: 154.64 | AN7: 203.69 | AO7: 113.95 | AP7: =SUM(AM7:AO7) -> 472.28 | AQ7: 224.97 | AR7: 292.6 | AS7: 101.94 | AT7: =SUM(AQ7:AS7) -> 619.51 | AU7: 192.27 | AV7: 236.32 | AW7: 91.63 | AX7: =SUM(AU7:AW7) -> 520.22 | AY7: 160.29 | AZ7: 206.51 | BA7: 117.5 | BB7: =SUM(AY7:BA7) -> 484.3
A8: 2 | B8: Himachal Pradesh | C8: =G8+K8+O8+S8+W8+AA8+AE8+AI8+AM8+AQ8+AU8+AY8 -> 1946.11 | D8: =H8+L8+P8+T8+X8+AB8+AF8+AJ8+AN8+AR8+AV8+AZ8 -> 2654.51 | E8: =I8+M8+Q8+U8+Y8+AC8+AG8+AK8+AO8+AS8+AW8+BA8 -> 4827.07 | F8: =J8+N8+R8+V8+Z8+AD8+AH8+AL8+AP8+AT8+AX8+BB8 -> 9427.69 | G8: 232.78 | H8: 315.41 | I8: 540.51 | J8: =SUM(G8:I8) -> 1088.7 | K8: 148.51 | L8: 203.64 | M8: 489.03 | N8: =SUM(K8:M8) -> 841.18 | O8: 153.23 | P8: 213.67 | Q8: 527.82 | R8: =SUM(O8:Q8) -> 894.72 | S8: 172.62 | T8: 244.12 | U8: 524.65 | V8: =SUM(S8:U8) -> 941.39 | W8: 147.9 | X8: 210.38 | Y8: 506.56 | Z8: =SUM(W8:Y8) -> 864.84 | AA8: 140.93 | AB8: 195.32 | AC8: 478.34 | AD8: =SUM(AA8:AC8) -> 814.59 | AE8: 142.35 | AF8: 194.38 | AG8: 382.47 | AH8: =SUM(AE8:AG8) -> 719.2 | AI8: 148.27 | AJ8: 209.13 | AK8: 258.3 | AL8: =SUM(AI8:AK8) -> 615.7 | AM8: 141.59 | AN8: 180.58 | AO8: 297.89 | AP8: =SUM(AM8:AO8) -> 620.06 | AQ8: 172.88 | AR8: 239.18 | AS8: 268.66 | AT8: =SUM(AQ8:AS8) -> 680.72 | AU8: 156.98 | AV8: 204.33 | AW8: 283.52 | AX8: =SUM(AU8:AW8) -> 644.83 | AY8: 188.07 | AZ8: 244.37 | BA8: 269.32 | BB8: =SUM(AY8:BA8) -> 701.76
A9: 3 | B9: Punjab | C9: =G9+K9+O9+S9+W9+AA9+AE9+AI9+AM9+AQ9+AU9+AY9 -> 7049.06 | D9: =H9+L9+P9+T9+X9+AB9+AF9+AJ9+AN9+AR9+AV9+AZ9 -> 9928.33 | E9: =I9+M9+Q9+U9+Y9+AC9+AG9+AK9+AO9+AS9+AW9+BA9 -> 10664.49 | F9: =J9+N9+R9+V9+Z9+AD9+AH9+AL9+AP9+AT9+AX9+BB9 -> 27641.88 | G9: 767.72 | H9: 1082.46 | I9: 1213.08 | J9: =SUM(G9:I9) -> 3063.26 | K9: 554.4 | L9: 797.47 | M9: 1014.38 | N9: =SUM(K9:M9) -> 2366.25 | O9: 539.68 | P9: 782.67 | Q9: 863.6 | R9: =SUM(O9:Q9) -> 2185.95 | S9: 589.55 | T9: 815.84 | U9: 876.46 | V9: =SUM(S9:U9) -> 2281.85 | W9: 535.62 | X9: 750.37 | Y9: 882.11 | Z9: =SUM(W9:Y9) -> 2168.1 | AA9: 516.23 | AB9: 738.05 | AC9: 912.59 | AD9: =SUM(AA9:AC9) -> 2166.87 | AE9: 588.33 | AF9: 803.07 | AG9: 899.31 | AH9: =SUM(AE9:AG9) -> 2290.71 | AI9: 557.45 | AJ9: 784.67 | AK9: 795.34 | AL9: =SUM(AI9:AK9) -> 2137.46 | AM9: 528.5 | AN9: 718.57 | AO9: 631.43 | AP9: =SUM(AM9:AO9) -> 1878.5 | AQ9: 634.04 | AR9: 938.46 | AS9: 822.76 | AT9: =SUM(AQ9:AS9) -> 2395.26 | AU9: 585.03 | AV9: 828.97 | AW9: 942.63 | AX9: =SUM(AU9:AW9) -> 2356.63 | AY9: 652.51 | AZ9: 887.73 | BA9: 810.8 | BB9: =SUM(AY9:BA9) -> 2351.04
A10: 4 | B10: Chandigarh | C10: =G10+K10+O10+S10+W10+AA10+AE10+AI10+AM10+AQ10+AU10+AY10 -> 623.27 | D10: =H10+L10+P10+T10+X10+AB10+AF10+AJ10+AN10+AR10+AV10+AZ10 -> 788.48 | E10: =I10+M10+Q10+U10+Y10+AC10+AG10+AK10+AO10+AS10+AW10+BA10 -> 1641.45 | F10: =J10+N10+R10+V10+Z10+AD10+AH10+AL10+AP10+AT10+AX10+BB10 -> 3053.2 | G10: 62.68 | H10: 79.17 | I10: 190.19 | J10: =SUM(G10:I10) -> 332.04 | K10: 51.61 | L10: 59.71 | M10: 250.37 | N10: =SUM(K10:M10) -> 361.69 | O10: 43.97 | P10: 58.62 | Q10: 111.96 | R10: =SUM(O10:Q10) -> 214.55 | S10: 47.01 | T10: 59.52 | U10: 113.07 | V10: =SUM(S10:U10) -> 219.6 | W10: 46.09 | X10: 60.54 | Y10: 105.49 | Z10: =SUM(W10:Y10) -> 212.12 | AA10: 44.61 | AB10: 54.87 | AC10: 129.27 | AD10: =SUM(AA10:AC10) -> 228.75 | AE10: 50.48 | AF10: 65.32 | AG10: 114.95 | AH10: =SUM(AE10:AG10) -> 230.75 | AI10: 52.66 | AJ10: 64.67 | AK10: 166 | AL10: =SUM(AI10:AK10) -> 283.33 | AM10: 51.68 | AN10: 62.05 | AO10: 94.97 | AP10: =SUM(AM10:AO10) -> 208.7 | AQ10: 63.84 | AR10: 89.45 | AS10: 136.46 | AT10: =SUM(AQ10:AS10) -> 289.75 | AU10: 53.27 | AV10: 67.18 | AW10: 110.77 | AX10: =SUM(AU10:AW10) -> 231.22 | AY10: 55.37 | AZ10: 67.38 | BA10: 117.95 | BB10: =SUM(AY10:BA10) -> 240.7
A11: 5 | B11: Uttarakhand | C11: =G11+K11+O11+S11+W11+AA11+AE11+AI11+AM11+AQ11+AU11+AY11 -> 4049.4 | D11: =H11+L11+P11+T11+X11+AB11+AF11+AJ11+AN11+AR11+AV11+AZ11 -> 5989.95 | E11: =I11+M11+Q11+U11+Y11+AC11+AG11+AK11+AO11+AS11+AW11+BA11 -> 9177.44 | F11: =J11+N11+R11+V11+Z11+AD11+AH11+AL11+AP11+AT11+AX11+BB11 -> 19216.79 | G11: 541.21 | H11: 720.7 | I11: 1312.52 | J11: =SUM(G11:I11) -> 2574.43 | K11: 346.9 | L11: 518.64 | M11: 728.71 | N11: =SUM(K11:M11) -> 1594.25 | O11: 360.45 | P11: 549.19 | Q11: 778.36 | R11: =SUM(O11:Q11) -> 1688 | S11: 376.06 | T11: 523.96 | U11: 861.6 | V11: =SUM(S11:U11) -> 1761.62 | W11: 295.42 | X11: 493.37 | Y11: 647.38 | Z11: =SUM(W11:Y11) -> 1436.17 | AA11: 301.81 | AB11: 486.56 | AC11: 876.84 | AD11: =SUM(AA11:AC11) -> 1665.21 | AE11: 336.12 | AF11: 506.49 | AG11: 759.13 | AH11: =SUM(AE11:AG11) -> 1601.74 | AI11: 287.93 | AJ11: 443.73 | AK11: 583.25 | AL11: =SUM(AI11:AK11) -> 1314.91 | AM11: 271.95 | AN11: 391.31 | AO11: 640.07 | AP11: =SUM(AM11:AO11) -> 1303.33 | AQ11: 311.86 | AR11: 470.4 | AS11: 687.53 | AT11: =SUM(AQ11:AS11) -> 1469.79 | AU11: 292.32 | AV11: 428 | AW11: 620.78 | AX11: =SUM(AU11:AW11) -> 1341.1 | AY11: 327.37 | AZ11: 457.6 | BA11: 681.27 | BB11: =SUM(AY11:BA11) -> 1466.24
A12: 6 | B12: Haryana | C12: =G12+K12+O12+S12+W12+AA12+AE12+AI12+AM12+AQ12+AU12+AY12 -> 19501.6 | D12: =H12+L12+P12+T12+X12+AB12+AF12+AJ12+AN12+AR12+AV12+AZ12 -> 24835.67 | E12: =I12+M12+Q12+U12+Y12+AC12+AG12+AK12+AO12+AS12+AW12+BA12 -> 76742.71 | F12: =J12+N12+R12+V12+Z12+AD12+AH12+AL12+AP12+AT12+AX12+BB12 -> 121079.98 | G12: 1989.02 | H12: 2514.68 | I12: 8819.71 | J12: =SUM(G12:I12) -> 13323.41 | K12: 1666.57 | L12: 2080.53 | M12: 5731.29 | N12: =SUM(K12:M12) -> 9478.39 | O12: 1638.59 | P12: 2119.55 | Q12: 5478.42 | R12: =SUM(O12:Q12) -> 9236.56 | S12: 1629.23 | T12: 2049.82 | U12: 5823.34 | V12: =SUM(S12:U12) -> 9502.39 | W12: 1547.11 | X12: 1997.51 | Y12: 5531.81 | Z12: =SUM(W12:Y12) -> 9076.43 | AA12: 1546.29 | AB12: 1937.91 | AC12: 6398.14 | AD12: =SUM(AA12:AC12) -> 9882.34 | AE12: 1746.75 | AF12: 2262.38 | AG12: 5819.33 | AH12: =SUM(AE12:AG12) -> 9828.46 | AI12: 1458.22 | AJ12: 1872.22 | AK12: 5483.8 | AL12: =SUM(AI12:AK12) -> 8814.24 | AM12: 1464.33 | AN12: 1836.3 | AO12: 6122.65 | AP12: =SUM(AM12:AO12) -> 9423.28 | AQ12: 1654 | AR12: 2173.85 | AS12: 6651.92 | AT12: =SUM(AQ12:AS12) -> 10479.77 | AU12: 1543.16 | AV12: 1950.54 | AW12: 7206.44 | AX12: =SUM(AU12:AW12) -> 10700.14 | AY12: 1618.33 | AZ12: 2040.38 | BA12: 7675.86 | BB12: =SUM(AY12:BA12) -> 11334.57
A13: 7 | B13: Delhi | C13: =G13+K13+O13+S13+W13+AA13+AE13+AI13+AM13+AQ13+AU13+AY13 -> 16592.49 | D13: =H13+L13+P13+T13+X13+AB13+AF13+AJ13+AN13+AR13+AV13+AZ13 -> 19158.62 | E13: =I13+M13+Q13+U13+Y13+AC13+AG13+AK13+AO13+AS13+AW13+BA13 -> 44673.89 | F13: =J13+N13+R13+V13+Z13+AD13+AH13+AL13+AP13+AT13+AX13+BB13 -> 80425 | G13: 1754.01 | H13: 2061.83 | I13: 4380.39 | J13: =SUM(G13:I13) -> 8196.23 | K13: 2361.59 | L13: 2546.41 | M13: 5381.24 | N13: =SUM(K13:M13) -> 10289.24 | O13: 1135.27 | P13: 1315.91 | Q13: 3075.33 | R13: =SUM(O13:Q13) -> 5526.51 | S13: 1163.46 | T13: 1423.82 | U13: 3386.14 | V13: =SUM(S13:U13) -> 5973.42 | W13: 1182.58 | X13: 1360.68 | Y13: 3095.8 | Z13: =SUM(W13:Y13) -> 5639.06 | AA13: 1220.6 | AB13: 1394.54 | AC13: 3076.11 | AD13: =SUM(AA13:AC13) -> 5691.25 | AE13: 1394.22 | AF13: 1607.5 | AG13: 5452.31 | AH13: =SUM(AE13:AG13) -> 8454.03 | AI13: 1274.63 | AJ13: 1451.97 | AK13: 3454.99 | AL13: =SUM(AI13:AK13) -> 6181.59 | AM13: 1115.23 | AN13: 1297.66 | AO13: 3105.85 | AP13: =SUM(AM13:AO13) -> 5518.74 | AQ13: 1334.94 | AR13: 1609.34 | AS13: 3553.91 | AT13: =SUM(AQ13:AS13) -> 6498.19 | AU13: 1319.49 | AV13: 1506.19 | AW13: 3325.71 | AX13: =SUM(AU13:AW13) -> 6151.39 | AY13: 1336.47 | AZ13: 1582.77 | BA13: 3386.11 | BB13: =SUM(AY13:BA13) -> 6305.35
A14: 8 | B14: Rajasthan | C14: =G14+K14+O14+S14+W14+AA14+AE14+AI14+AM14+AQ14+AU14+AY14 -> 15038.42 | D14: =H14+L14+P14+T14+X14+AB14+AF14+AJ14+AN14+AR14+AV14+AZ14 -> 19863.36 | E14: =I14+M14+Q14+U14+Y14+AC14+AG14+AK14+AO14+AS14+AW14+BA14 -> 18978.78 | F14: =J14+N14+R14+V14+Z14+AD14+AH14+AL14+AP14+AT14+AX14+BB14 -> 53880.56 | G14: 1765.42 | H14: 2091.1 | I14: 2193.39 | J14: =SUM(G14:I14) -> 6049.91 | K14: 1210.77 | L14: 1576.27 | M14: 1915.05 | N14: =SUM(K14:M14) -> 4702.09 | O14: 1125.74 | P14: 1514.77 | Q14: 1739.2 | R14: =SUM(O14:Q14) -> 4379.71 | S14: 1220.08 | T14: 1580.82 | U14: 1603.63 | V14: =SUM(S14:U14) -> 4404.53 | W14: 1122.86 | X14: 1480.05 | Y14: 1619.22 | Z14: =SUM(W14:Y14) -> 4222.13 | AA14: 1132.8 | AB14: 1456.78 | AC14: 1575.62 | AD14: =SUM(AA14:AC14) -> 4165.2 | AE14: 1188.32 | AF14: 1532.19 | AG14: 1540.95 | AH14: =SUM(AE14:AG14) -> 4261.46 | AI14: 1186.37 | AJ14: 1548.18 | AK14: 1205.61 | AL14: =SUM(AI14:AK14) -> 3940.16 | AM14: 1163.21 | AN14: 1441.42 | AO14: 1203.38 | AP14: =SUM(AM14:AO14) -> 3808.01 | AQ14: 1370.56 | AR14: 1807.52 | AS14: 1464.17 | AT14: =SUM(AQ14:AS14) -> 4642.25 | AU14: 1214.1 | AV14: 1595.49 | AW14: 1507.97 | AX14: =SUM(AU14:AW14) -> 4317.56 | AY14: 1338.19 | AZ14: 2238.77 | BA14: 1410.59 | BB14: =SUM(AY14:BA14) -> 4987.55
A15: 9 | B15: Uttar Pradesh | C15: =G15+K15+O15+S15+W15+AA15+AE15+AI15+AM15+AQ15+AU15+AY15 -> 27488.04 | D15: =H15+L15+P15+T15+X15+AB15+AF15+AJ15+AN15+AR15+AV15+AZ15 -> 35685 | E15: =I15+M15+Q15+U15+Y15+AC15+AG15+AK15+AO15+AS15+AW15+BA15 -> 36743.65 | F15: =J15+N15+R15+V15+Z15+AD15+AH15+AL15+AP15+AT15+AX15+BB15 -> 99916.69 | G15: 3354.44 | H15: 4315.05 | I15: 4526.73 | J15: =SUM(G15:I15) -> 12196.22 | K15: 2100.42 | L15: 2818.11 | M15: 2813.95 | N15: =SUM(K15:M15) -> 7732.48 | O15: 2159.36 | P15: 2911.61 | Q15: 2603.71 | R15: =SUM(O15:Q15) -> 7674.68 | S15: 2304.53 | T15: 3127.52 | U15: 2928.12 | V15: =SUM(S15:U15) -> 8360.17 | W15: 2125.94 | X15: 2735.7 | Y15: 2785.79 | Z15: =SUM(W15:Y15) -> 7647.43 | AA15: 1976.21 | AB15: 2587.41 | AC15: 2952.33 | AD15: =SUM(AA15:AC15) -> 7515.95 | AE15: 2135.58 | AF15: 2776.14 | AG15: 3371.71 | AH15: =SUM(AE15:AG15) -> 8283.43 | AI15: 2076.52 | AJ15: 2664.05 | AK15: 2847.83 | AL15: =SUM(AI15:AK15) -> 7588.4 | AM15: 2022.97 | AN15: 2538.42 | AO15: 2714.06 | AP15: =SUM(AM15:AO15) -> 7275.45 | AQ15: 2294.85 | AR15: 3003.33 | AS15: 3080.54 | AT15: =SUM(AQ15:AS15) -> 8378.72 | AU15: 2265.37 | AV15: 2862.76 | AW15: 2804.39 | AX15: =SUM(AU15:AW15) -> 7932.52 | AY15: 2671.85 | AZ15: 3344.9 | BA15: 3314.49 | BB15: =SUM(AY15:BA15) -> 9331.24
A16: 10 | B16: Bihar | C16: =G16+K16+O16+S16+W16+AA16+AE16+AI16+AM16+AQ16+AU16+AY16 -> 5573.37 | D16: =H16+L16+P16+T16+X16+AB16+AF16+AJ16+AN16+AR16+AV16+AZ16 -> 11149.73 | E16: =I16+M16+Q16+U16+Y16+AC16+AG16+AK16+AO16+AS16+AW16+BA16 -> 3335.02 | F16: =J16+N16+R16+V16+Z16+AD16+AH16+AL16+AP16+AT16+AX16+BB16 -> 20058.12 | G16: 729.09 | H16: 1104.6 | I16: 310.54 | J16: =SUM(G16:I16) -> 2144.23 | K16: 418.75 | L16: 764.94 | M16: 514.78 | N16: =SUM(K16:M16) -> 1698.47 | O16: 447.92 | P16: 842.07 | Q16: 238.43 | R16: =SUM(O16:Q16) -> 1528.42 | S16: 488.34 | T16: 910.98 | U16: 224.2 | V16: =SUM(S16:U16) -> 1623.52 | W16: 464.74 | X16: 840.52 | Y16: 245.5 | Z16: =SUM(W16:Y16) -> 1550.76 | AA16: 454.25 | AB16: 784.37 | AC16: 351.11 | AD16: =SUM(AA16:AC16) -> 1589.73 | AE16: 481.11 | AF16: 750.31 | AG16: 246.11 | AH16: =SUM(AE16:AG16) -> 1477.53 | AI16: 426.68 | AJ16: 764.66 | AK16: 217.44 | AL16: =SUM(AI16:AK16) -> 1408.78 | AM16: 375.59 | AN16: 716.91 | AO16: 200.97 | AP16: =SUM(AM16:AO16) -> 1293.47 | AQ16: 421.28 | AR16: 926.21 | AS16: 238.05 | AT16: =SUM(AQ16:AS16) -> 1585.54 | AU16: 395.36 | AV16: 986.05 | AW16: 205.8 | AX16: =SUM(AU16:AW16) -> 1587.21 | AY16: 470.26 | AZ16: 1758.11 | BA16: 342.09 | BB16: =SUM(AY16:BA16) -> 2570.46
A17: 11 | B17: Sikkim | C17: =G17+K17+O17+S17+W17+AA17+AE17+AI17+AM17+AQ17+AU17+AY17 -> 409.24 | D17: =H17+L17+P17+T17+X17+AB17+AF17+AJ17+AN17+AR17+AV17+AZ17 -> 513.42 | E17: =I17+M17+Q17+U17+Y17+AC17+AG17+AK17+AO17+AS17+AW17+BA17 -> 2702.57 | F17: =J17+N17+R17+V17+Z17+AD17+AH17+AL17+AP17+AT17+AX17+BB17 -> 3625.23 | G17: 72.86 | H17: 91.51 | I17: 305.69 | J17: =SUM(G17:I17) -> 470.06 | K17: 36.88 | L17: 42.64 | M17: 344.59 | N17: =SUM(K17:M17) -> 424.11 | O17: 22.66 | P17: 30.56 | Q17: 310.45 | R17: =SUM(O17:Q17) -> 363.67 | S17: 30.82 | T17: 38.15 | U17: 331.89 | V17: =SUM(S17:U17) -> 400.86 | W17: 30.14 | X17: 47.41 | Y17: 376.61 | Z17: =SUM(W17:Y17) -> 454.16 | AA17: 24 | AB17: 30.86 | AC17: 341.32 | AD17: =SUM(AA17:AC17) -> 396.18 | AE17: 25.56 | AF17: 31.3 | AG17: 250.35 | AH17: =SUM(AE17:AG17) -> 307.21 | AI17: 26.53 | AJ17: 30.84 | AK17: 76.1 | AL17: =SUM(AI17:AK17) -> 133.47 | AM17: 28.41 | AN17: 35.5 | AO17: 93.82 | AP17: =SUM(AM17:AO17) -> 157.73 | AQ17: 28.66 | AR17: 34.83 | AS17: 88.21 | AT17: =SUM(AQ17:AS17) -> 151.7 | AU17: 38.44 | AV17: 45.34 | AW17: 89.44 | AX17: =SUM(AU17:AW17) -> 173.22 | AY17: 44.28 | AZ17: 54.48 | BA17: 94.1 | BB17: =SUM(AY17:BA17) -> 192.86
A18: 12 | B18: Arunachal Pradesh | C18: =G18+K18+O18+S18+W18+AA18+AE18+AI18+AM18+AQ18+AU18+AY18 -> 610.37 | D18: =H18+L18+P18+T18+X18+AB18+AF18+AJ18+AN18+AR18+AV18+AZ18 -> 739.48 | E18: =I18+M18+Q18+U18+Y18+AC18+AG18+AK18+AO18+AS18+AW18+BA18 -> 177.54 | F18: =J18+N18+R18+V18+Z18+AD18+AH18+AL18+AP18+AT18+AX18+BB18 -> 1527.39 | G18: 140.59 | H18: 163.25 | I18: 27.87 | J18: =SUM(G18:I18) -> 331.71 | K18: 60.02 | L18: 78.1 | M18: 12.18 | N18: =SUM(K18:M18) -> 150.3 | O18: 33.88 | P18: 46.71 | Q18: 7.46 | R18: =SUM(O18:Q18) -> 88.05 | S18: 36.17 | T18: 42.67 | U18: 9.31 | V18: =SUM(S18:U18) -> 88.15 | W18: 35.53 | X18: 41.08 | Y18: 11.62 | Z18: =SUM(W18:Y18) -> 88.23 | AA18: 33.44 | AB18: 44.55 | AC18: 14.7 | AD18: =SUM(AA18:AC18) -> 92.69 | AE18: 32.05 | AF18: 39.82 | AG18: 11.81 | AH18: =SUM(AE18:AG18) -> 83.68 | AI18: 32.05 | AJ18: 41.04 | AK18: 17.99 | AL18: =SUM(AI18:AK18) -> 91.08 | AM18: 44.24 | AN18: 53.83 | AO18: 20.01 | AP18: =SUM(AM18:AO18) -> 118.08 | AQ18: 43.95 | AR18: 51.23 | AS18: 15.54 | AT18: =SUM(AQ18:AS18) -> 110.72 | AU18: 47.15 | AV18: 56.74 | AW18: 13.97 | AX18: =SUM(AU18:AW18) -> 117.86 | AY18: 71.3 | AZ18: 80.46 | BA18: 15.08 | BB18: =SUM(AY18:BA18) -> 166.84
... A25: 19 | B25: West Bengal | C25: =G25+K25+O25+S25+W25+AA25+AE25+AI25+AM25+AQ25+AU25+AY25 -> 21013.21 | D25: =H25+L25+P25+T25+X25+AB25+AF25+AJ25+AN25+AR25+AV25+AZ25 -> 24939.34 | E25: =I25+M25+Q25+U25+Y25+AC25+AG25+AK25+AO25+AS25+AW25+BA25 -> 19277.01 | F25: =J25+N25+R25+V25+Z25+AD25+AH25+AL25+AP25+AT25+AX25+BB25 -> 65229.56 | G25: 2384.62 | H25: 2860.33 | I25: 2370.73 | J25: =SUM(G25:I25) -> 7615.68 | K25: 1580.91 | L25: 1970.12 | M25: 2319.7 | N25: =SUM(K25:M25) -> 5870.73 | O25: 1564.6 | P25: 1969.88 | Q25: 1496.09 | R25: =SUM(O25:Q25) -> 5030.57 | S25: 1727.71 | T25: 2070.05 | U25: 1673.26 | V25: =SUM(S25:U25) -> 5471.02 | W25: 1615.47 | X25: 1931 | Y25: 1491 | Z25: =SUM(W25:Y25) -> 5037.47 | AA25: 1658.43 | AB25: 1979.02 | AC25: 1591.26 | AD25: =SUM(AA25:AC25) -> 5228.71 | AE25: 1759.31 | AF25: 2076.85 | AG25: 1338.97 | AH25: =SUM(AE25:AG25) -> 5175.13 | AI25: 1512.18 | AJ25: 1837.39 | AK25: 1268.35 | AL25: =SUM(AI25:AK25) -> 4617.92 | AM25: 1618.68 | AN25: 1847.28 | AO25: 1314.57 | AP25: =SUM(AM25:AO25) -> 4780.53 | AQ25: 1872.17 | AR25: 2150.6 | AS25: 1482.96 | AT25: =SUM(AQ25:AS25) -> 5505.73 | AU25: 1787.67 | AV25: 2045.43 | AW25: 1388.05 | AX25: =SUM(AU25:AW25) -> 5221.15 | AY25: 1931.46 | AZ25: 2201.39 | BA25: 1542.07 | BB25: =SUM(AY25:BA25) -> 5674.92
A26: 20 | B26: Jharkhand | C26: =G26+K26+O26+S26+W26+AA26+AE26+AI26+AM26+AQ26+AU26+AY26 -> 7362.52 | D26: =H26+L26+P26+T26+X26+AB26+AF26+AJ26+AN26+AR26+AV26+AZ26 -> 9536.88 | E26: =I26+M26+Q26+U26+Y26+AC26+AG26+AK26+AO26+AS26+AW26+BA26 -> 12481.15 | F26: =J26+N26+R26+V26+Z26+AD26+AH26+AL26+AP26+AT26+AX26+BB26 -> 29380.55 | G26: 846.8 | H26: 1085.76 | I26: 1524.99 | J26: =SUM(G26:I26) -> 3457.55 | K26: 537.96 | L26: 744.42 | M26: 958.46 | N26: =SUM(K26:M26) -> 2240.84 | O26: 610.29 | P26: 781.24 | Q26: 1036.73 | R26: =SUM(O26:Q26) -> 2428.26 | S26: 570.41 | T26: 752.18 | U26: 1183.97 | V26: =SUM(S26:U26) -> 2506.56 | W26: 586.84 | X26: 751.67 | Y26: 1005.1 | Z26: =SUM(W26:Y26) -> 2343.61 | AA26: 561.09 | AB26: 701.01 | AC26: 1097.79 | AD26: =SUM(AA26:AC26) -> 2359.89 | AE26: 567.25 | AF26: 736.6 | AG26: 845.64 | AH26: =SUM(AE26:AG26) -> 2149.49 | AI26: 534.2 | AJ26: 685.92 | AK26: 888.46 | AL26: =SUM(AI26:AK26) -> 2108.58 | AM26: 617.75 | AN26: 770.1 | AO26: 982.63 | AP26: =SUM(AM26:AO26) -> 2370.48 | AQ26: 602.52 | AR26: 766.37 | AS26: 1056.8 | AT26: =SUM(AQ26:AS26) -> 2425.69 | AU26: 603.82 | AV26: 774.57 | AW26: 959.26 | AX26: =SUM(AU26:AW26) -> 2337.65 | AY26: 723.59 | AZ26: 987.04 | BA26: 941.32 | BB26: =SUM(AY26:BA26) -> 2651.95 | BC26: s
A27: 21 | B27: Odisha | C27: =G27+K27+O27+S27+W27+AA27+AE27+AI27+AM27+AQ27+AU27+AY27 -> 14808.43 | D27: =H27+L27+P27+T27+X27+AB27+AF27+AJ27+AN27+AR27+AV27+AZ27 -> 19262.09 | E27: =I27+M27+Q27+U27+Y27+AC27+AG27+AK27+AO27+AS27+AW27+BA27 -> 17349.69 | F27: =J27+N27+R27+V27+Z27+AD27+AH27+AL27+AP27+AT27+AX27+BB27 -> 51420.21 | G27: 1547.68 | H27: 1931.2 | I27: 1793.59 | J27: =SUM(G27:I27) -> 5272.47 | K27: 1139.12 | L27: 1462.36 | M27: 1662.26 | N27: =SUM(K27:M27) -> 4263.74 | O27: 1198.32 | P27: 1506.2 | Q27: 1497.86 | R27: =SUM(O27:Q27) -> 4202.38 | S27: 1192.6 | T27: 1527.45 | U27: 1428.68 | V27: =SUM(S27:U27) -> 4148.73 | W27: 1095.84 | X27: 1452.2 | Y27: 1658.54 | Z27: =SUM(W27:Y27) -> 4206.58 | AA27: 1040.77 | AB27: 1340.61 | AC27: 1582.38 | AD27: =SUM(AA27:AC27) -> 3963.76 | AE27: 1187.05 | AF27: 1548.27 | AG27: 1558.46 | AH27: =SUM(AE27:AG27) -> 4293.78 | AI27: 1074.67 | AJ27: 1416.25 | AK27: 1333.99 | AL27: =SUM(AI27:AK27) -> 3824.91 | AM27: 1213.84 | AN27: 1485.35 | AO27: 1008.46 | AP27: =SUM(AM27:AO27) -> 3707.65 | AQ27: 1313.93 | AR27: 1668.52 | AS27: 1157.08 | AT27: =SUM(AQ27:AS27) -> 4139.53 | AU27: 1336.57 | AV27: 1749.19 | AW27: 1260.84 | AX27: =SUM(AU27:AW27) -> 4346.6 | AY27: 1468.04 | AZ27: 2174.49 | BA27: 1407.55 | BB27: =SUM(AY27:BA27) -> 5050.08
A28: 22 | B28: Chhattisgarh | C28: =G28+K28+O28+S28+W28+AA28+AE28+AI28+AM28+AQ28+AU28+AY28 -> 7950.1 | D28: =H28+L28+P28+T28+X28+AB28+AF28+AJ28+AN28+AR28+AV28+AZ28 -> 9546.41 | E28: =I28+M28+Q28+U28+Y28+AC28+AG28+AK28+AO28+AS28+AW28+BA28 -> 12611.95 | F28: =J28+N28+R28+V28+Z28+AD28+AH28+AL28+AP28+AT28+AX28+BB28 -> 30108.46 | G28: 888.58 | H28: 944.83 | I28: 1602.95 | J28: =SUM(G28:I28) -> 3436.36 | K28: 537.13 | L28: 714.08 | M28: 972.45 | N28: =SUM(K28:M28) -> 2223.66 | O28: 640.33 | P28: 746.47 | Q28: 1204.06 | R28: =SUM(O28:Q28) -> 2590.86 | S28: 635.89 | T28: 774.08 | U28: 1064.78 | V28: =SUM(S28:U28) -> 2474.75 | W28: 573.78 | X28: 720.33 | Y28: 943.6 | Z28: =SUM(W28:Y28) -> 2237.71 | AA28: 569.57 | AB28: 681.29 | AC28: 1095.65 | AD28: =SUM(AA28:AC28) -> 2346.51 | AE28: 593.05 | AF28: 712.88 | AG28: 894.88 | AH28: =SUM(AE28:AG28) -> 2200.81 | AI28: 567.44 | AJ28: 713.74 | AK28: 834.83 | AL28: =SUM(AI28:AK28) -> 2116.01 | AM28: 687.19 | AN28: 755.13 | AO28: 944.58 | AP28: =SUM(AM28:AO28) -> 2386.9 | AQ28: 706.66 | AR28: 815.18 | AS28: 897.08 | AT28: =SUM(AQ28:AS28) -> 2418.92 | AU28: 763.83 | AV28: 895.24 | AW28: 1198.31 | AX28: =SUM(AU28:AW28) -> 2857.38 | AY28: 786.65 | AZ28: 1073.16 | BA28: 958.78 | BB28: =SUM(AY28:BA28) -> 2818.59
A29: 23 | B29: Madhya Pradesh | C29: =G29+K29+O29+S29+W29+AA29+AE29+AI29+AM29+AQ29+AU29+AY29 -> 11856.06 | D29: =H29+L29+P29+T29+X29+AB29+AF29+AJ29+AN29+AR29+AV29+AZ29 -> 14641.69 | E29: =I29+M29+Q29+U29+Y29+AC29+AG29+AK29+AO29+AS29+AW29+BA29 -> 12506.47 | F29: =J29+N29+R29+V29+Z29+AD29+AH29+AL29+AP29+AT29+AX29+BB29 -> 39004.22 | G29: 1378.22 | H29: 1682.49 | I29: 1508.13 | J29: =SUM(G29:I29) -> 4568.84 | K29: 866.81 | L29: 1101.58 | M29: 1051.49 | N29: =SUM(K29:M29) -> 3019.88 | O29: 927.69 | P29: 1167.62 | Q29: 1078.32 | R29: =SUM(O29:Q29) -> 3173.63 | S29: 1105.84 | T29: 1362.49 | U29: 1171.14 | V29: =SUM(S29:U29) -> 3639.47 | W29: 904.58 | X29: 1129.13 | Y29: 1052.99 | Z29: =SUM(W29:Y29) -> 3086.7 | AA29: 847.53 | AB29: 1057.81 | AC29: 1135.81 | AD29: =SUM(AA29:AC29) -> 3041.15 | AE29: 878.56 | AF29: 1079.39 | AG29: 952.89 | AH29: =SUM(AE29:AG29) -> 2910.84 | AI29: 904.18 | AJ29: 1120.9 | AK29: 750.85 | AL29: =SUM(AI29:AK29) -> 2775.93 | AM29: 872.77 | AN29: 1057.37 | AO29: 844.98 | AP29: =SUM(AM29:AO29) -> 2775.12 | AQ29: 1039.48 | AR29: 1280.19 | AS29: 920.09 | AT29: =SUM(AQ29:AS29) -> 3239.76 | AU29: 978.65 | AV29: 1181.72 | AW29: 954.22 | AX29: =SUM(AU29:AW29) -> 3114.59 | AY29: 1151.75 | AZ29: 1421 | BA29: 1085.56 | BB29: =SUM(AY29:BA29) -> 3658.31
A30: 24 | B30: Gujarat | C30: =G30+K30+O30+S30+W30+AA30+AE30+AI30+AM30+AQ30+AU30+AY30 -> 41483.28 | D30: =H30+L30+P30+T30+X30+AB30+AF30+AJ30+AN30+AR30+AV30+AZ30 -> 49127.9 | E30: =I30+M30+Q30+U30+Y30+AC30+AG30+AK30+AO30+AS30+AW30+BA30 -> 44804.01 | F30: =J30+N30+R30+V30+Z30+AD30+AH30+AL30+AP30+AT30+AX30+BB30 -> 135415.19 | G30: 4581.69 | H30: 5280.76 | I30: 4524.95 | J30: =SUM(G30:I30) -> 14387.4 | K30: 3199.58 | L30: 3897.65 | M30: 4015.84 | N30: =SUM(K30:M30) -> 11113.07 | O30: 3141.5 | P30: 3790.78 | Q30: 3558.62 | R30: =SUM(O30:Q30) -> 10490.9 | S30: 3333.67 | T30: 4005.93 | U30: 3500.79 | V30: =SUM(S30:U30) -> 10840.39 | W30: 3130.42 | X30: 3881.59 | Y30: 3470.11 | Z30: =SUM(W30:Y30) -> 10482.12 | AA30: 3058 | AB30: 3693.41 | AC30: 3667.77 | AD30: =SUM(AA30:AC30) -> 10419.18 | AE30: 3475.86 | AF30: 4139.42 | AG30: 3997.57 | AH30: =SUM(AE30:AG30) -> 11612.85 | AI30: 3337.99 | AJ30: 3824.79 | AK30: 3118.43 | AL30: =SUM(AI30:AK30) -> 10281.21 | AM30: 3070.28 | AN30: 3549.36 | AO30: 3302.02 | AP30: =SUM(AM30:AO30) -> 9921.66 | AQ30: 3682.32 | AR30: 4338.11 | AS30: 3965.65 | AT30: =SUM(AQ30:AS30) -> 11986.08 | AU30: 3730.13 | AV30: 4276.12 | AW30: 3694.68 | AX30: =SUM(AU30:AW30) -> 11700.93 | AY30: 3741.84 | AZ30: 4449.98 | BA30: 3987.58 | BB30: =SUM(AY30:BA30) -> 12179.4
A31: 25 | B31: Daman and Diu | C31: =G31+K31+O31+S31+W31+AA31+AE31+AI31+AM31+AQ31+AU31+AY31 -> 0.08 | D31: =H31+L31+P31+T31+X31+AB31+AF31+AJ31+AN31+AR31+AV31+AZ31 -> 0.08 | E31: =I31+M31+Q31+U31+Y31+AC31+AG31+AK31+AO31+AS31+AW31+BA31 -> 0.15 | F31: =J31+N31+R31+V31+Z31+AD31+AH31+AL31+AP31+AT31+AX31+BB31 -> 0.31 | G31: 0 | H31: 0 | I31: 0.08 | J31: =SUM(G31:I31) -> 0.08 | K31: 0 | L31: 0 | M31: 0 | N31: =SUM(K31:M31) -> 0 | O31: 0 | P31: 0 | Q31: 0 | R31: =SUM(O31:Q31) -> 0 | S31: 0.01 | T31: 0.01 | U31: 0 | V31: =SUM(S31:U31) -> 0.02 | W31: 0.01 | X31: 0.01 | Y31: 0 | Z31: =SUM(W31:Y31) -> 0.02 | AA31: 0 | AB31: 0 | AC31: 0.02 | AD31: =SUM(AA31:AC31) -> 0.02 | AE31: 0 | AF31: 0 | AG31: 0.01 | AH31: =SUM(AE31:AG31) -> 0.01 | AI31: 0 | AJ31: 0 | AK31: 0 | AL31: =SUM(AI31:AK31) -> 0 | AM31: 0 | AN31: 0 | AO31: 0 | AP31: =SUM(AM31:AO31) -> 0 | AQ31: 0 | AR31: 0 | AS31: 0 | AT31: =SUM(AQ31:AS31) -> 0 | AU31: 0 | AV31: 0 | AW31: 0.02 | AX31: =SUM(AU31:AW31) -> 0.02 | AY31: 0.06 | AZ31: 0.06 | BA31: 0.02 | BB31: =SUM(AY31:BA31) -> 0.14
A32: 26 | B32: Dadra and Nagar Haveli | C32: =G32+K32+O32+S32+W32+AA32+AE32+AI32+AM32+AQ32+AU32+AY32 -> 639.94 | D32: =H32+L32+P32+T32+X32+AB32+AF32+AJ32+AN32+AR32+AV32+AZ32 -> 791.4 | E32: =I32+M32+Q32+U32+Y32+AC32+AG32+AK32+AO32+AS32+AW32+BA32 -> 3140.99 | F32: =J32+N32+R32+V32+Z32+AD32+AH32+AL32+AP32+AT32+AX32+BB32 -> 4572.33 | G32: 71.5 | H32: 85.31 | I32: 338.45 | J32: =SUM(G32:I32) -> 495.26 | K32: 44.9 | L32: 56.12 | M32: 249.71 | N32: =SUM(K32:M32) -> 350.73 | O32: 48.53 | P32: 59.03 | Q32: 302.68 | R32: =SUM(O32:Q32) -> 410.24 | S32: 58.45 | T32: 64.03 | U32: 271.86 | V32: =SUM(S32:U32) -> 394.34 | W32: 49.69 | X32: 61.65 | Y32: 251.13 | Z32: =SUM(W32:Y32) -> 362.47 | AA32: 52.5 | AB32: 63.82 | AC32: 250.04 | AD32: =SUM(AA32:AC32) -> 366.36 | AE32: 47.08 | AF32: 58.21 | AG32: 297.52 | AH32: =SUM(AE32:AG32) -> 402.81 | AI32: 56.07 | AJ32: 66.62 | AK32: 200.6 | AL32: =SUM(AI32:AK32) -> 323.29 | AM32: 51.78 | AN32: 65.78 | AO32: 211.93 | AP32: =SUM(AM32:AO32) -> 329.49 | AQ32: 53.07 | AR32: 67.63 | AS32: 306.58 | AT32: =SUM(AQ32:AS32) -> 427.28 | AU32: 51.06 | AV32: 73.01 | AW32: 223.53 | AX32: =SUM(AU32:AW32) -> 347.6 | AY32: 55.31 | AZ32: 70.19 | BA32: 236.96 | BB32: =SUM(AY32:BA32) -> 362.46
A33: 27 | B33: Maharashtra | C33: =G33+K33+O33+S33+W33+AA33+AE33+AI33+AM33+AQ33+AU33+AY33 -> 107179.47 | D33: =H33+L33+P33+T33+X33+AB33+AF33+AJ33+AN33+AR33+AV33+AZ33 -> 124159.81 | E33: =I33+M33+Q33+U33+Y33+AC33+AG33+AK33+AO33+AS33+AW33+BA33 -> 130438.37 | F33: =J33+N33+R33+V33+Z33+AD33+AH33+AL33+AP33+AT33+AX33+BB33 -> 361777.65 | G33: 11610.13 | H33: 13176.54 | I33: 14489.93 | J33: =SUM(G33:I33) -> 39276.6 | K33: 8232.6 | L33: 9357.24 | M33: 11646.26 | N33: =SUM(K33:M33) -> 29236.1 | O33: 8477.11 | P33: 9839.21 | Q33: 9931.64 | R33: =SUM(O33:Q33) -> 28247.96 | S33: 8265.51 | T33: 9415.67 | U33: 10869.94 | V33: =SUM(S33:U33) -> 28551.12 | W33: 7840.27 | X33: 9400 | Y33: 9505.44 | Z33: =SUM(W33:Y33) -> 26745.71 | AA33: 7965.73 | AB33: 9239.64 | AC33: 8767.63 | AD33: =SUM(AA33:AC33) -> 25973 | AE33: 8877.77 | AF33: 10347.02 | AG33: 11788.47 | AH33: =SUM(AE33:AG33) -> 31013.26 | AI33: 8863.39 | AJ33: 9923.24 | AK33: 9818.9 | AL33: =SUM(AI33:AK33) -> 28605.53 | AM33: 8763.95 | AN33: 9851.5 | AO33: 10461.62 | AP33: =SUM(AM33:AO33) -> 29077.07 | AQ33: 9353.92 | AR33: 10571.83 | AS33: 12902.61 | AT33: =SUM(AQ33:AS33) -> 32828.36 | AU33: 8967.14 | AV33: 10286.34 | AW33: 10097.31 | AX33: =SUM(AU33:AW33) -> 29350.79 | AY33: 9961.95 | AZ33: 12751.58 | BA33: 10158.62 | BB33: =SUM(AY33:BA33) -> 32872.15
A34: 29 | B34: Karnataka | C34: =G34+K34+O34+S34+W34+AA34+AE34+AI34+AM34+AQ34+AU34+AY34 -> 40621.45 | D34: =H34+L34+P34+T34+X34+AB34+AF34+AJ34+AN34+AR34+AV34+AZ34 -> 50244.58 | E34: =I34+M34+Q34+U34+Y34+AC34+AG34+AK34+AO34+AS34+AW34+BA34 -> 67351.27 | F34: =J34+N34+R34+V34+Z34+AD34+AH34+AL34+AP34+AT34+AX34+BB34 -> 158217.3 | G34: 4281.24 | H34: 5569.77 | I34: 6696.87 | J34: =SUM(G34:I34) -> 16547.88 | K34: 3121 | L34: 3792.1 | M34: 6039.23 | N34: =SUM(K34:M34) -> 12952.33 | O34: 3182.2 | P34: 3854.8 | Q34: 4747.49 | R34: =SUM(O34:Q34) -> 11784.49 | S34: 3211.58 | T34: 3908.7 | U34: 5288.05 | V34: =SUM(S34:U34) -> 12408.33 | W34: 3308.49 | X34: 3958.77 | Y34: 5244.97 | Z34: =SUM(W34:Y34) -> 12512.23 | AA34: 3154.49 | AB34: 3887.33 | AC34: 4959.3 | AD34: =SUM(AA34:AC34) -> 12001.12 | AE34: 3308.58 | AF34: 4053.84 | AG34: 6083.89 | AH34: =SUM(AE34:AG34) -> 13446.31 | AI34: 3151.61 | AJ34: 3877.95 | AK34: 5828.03 | AL34: =SUM(AI34:AK34) -> 12857.59 | AM34: 3122.37 | AN34: 3816.4 | AO34: 5045.89 | AP34: =SUM(AM34:AO34) -> 11984.66 | AQ34: 3656.2 | AR34: 4425.49 | AS34: 6094.15 | AT34: =SUM(AQ34:AS34) -> 14175.84 | AU34: 3492.03 | AV34: 4353.21 | AW34: 6169.27 | AX34: =SUM(AU34:AW34) -> 14014.51 | AY34: 3631.66 | AZ34: 4746.22 | BA34: 5154.13 | BB34: =SUM(AY34:BA34) -> 13532.01
A35: 30 | B35: Goa | C35: =G35+K35+O35+S35+W35+AA35+AE35+AI35+AM35+AQ35+AU35+AY35 -> 2157.41 | D35: =H35+L35+P35+T35+X35+AB35+AF35+AJ35+AN35+AR35+AV35+AZ35 -> 2676.42 | E35: =I35+M35+Q35+U35+Y35+AC35+AG35+AK35+AO35+AS35+AW35+BA35 -> 2116.73 | F35: =J35+N35+R35+V35+Z35+AD35+AH35+AL35+AP35+AT35+AX35+BB35 -> 6950.56 | G35: 238.28 | H35: 297.57 | I35: 263.73 | J35: =SUM(G35:I35) -> 799.58 | K35: 146.86 | L35: 191.6 | M35: 243.74 | N35: =SUM(K35:M35) -> 582.2 | O35: 153.78 | P35: 193.12 | Q35: 199.84 | R35: =SUM(O35:Q35) -> 546.74 | S35: 169.3 | T35: 209.39 | U35: 205.05 | V35: =SUM(S35:U35) -> 583.74 | W35: 158.44 | X35: 193.19 | Y35: 191.61 | Z35: =SUM(W35:Y35) -> 543.24 | AA35: 153.54 | AB35: 193.05 | AC35: 186.3 | AD35: =SUM(AA35:AC35) -> 532.89 | AE35: 175.47 | AF35: 214.68 | AG35: 152.49 | AH35: =SUM(AE35:AG35) -> 542.64 | AI35: 174.41 | AJ35: 213.81 | AK35: 128.05 | AL35: =SUM(AI35:AK35) -> 516.27 | AM35: 176.35 | AN35: 214.48 | AO35: 123.7 | AP35: =SUM(AM35:AO35) -> 514.53 | AQ35: 205.66 | AR35: 261.25 | AS35: 150.11 | AT35: =SUM(AQ35:AS35) -> 617.02 | AU35: 205.5 | AV35: 251.56 | AW35: 132.75 | AX35: =SUM(AU35:AW35) -> 589.81 | AY35: 199.82 | AZ35: 242.72 | BA35: 139.36 | BB35: =SUM(AY35:BA35) -> 581.9
A36: 31 | B36: Lakshadweep | C36: =G36+K36+O36+S36+W36+AA36+AE36+AI36+AM36+AQ36+AU36+AY36 -> 5.54 | D36: =H36+L36+P36+T36+X36+AB36+AF36+AJ36+AN36+AR36+AV36+AZ36 -> 8.55 | E36: =I36+M36+Q36+U36+Y36+AC36+AG36+AK36+AO36+AS36+AW36+BA36 -> 11.35 | F36: =J36+N36+R36+V36+Z36+AD36+AH36+AL36+AP36+AT36+AX36+BB36 -> 25.44 | G36: 0.6 | H36: 1.47 | I36: 2.61 | J36: =SUM(G36:I36) -> 4.68 | K36: 0.84 | L36: 1.11 | M36: 4.97 | N36: =SUM(K36:M36) -> 6.92 | O36: 0.5 | P36: 0.49 | Q36: 0.09 | R36: =SUM(O36:Q36) -> 1.08 | S36: 0.13 | T36: 0.17 | U36: 0.26 | V36: =SUM(S36:U36) -> 0.56 | W36: 0.17 | X36: 0.27 | Y36: 0.21 | Z36: =SUM(W36:Y36) -> 0.65 | AA36: 0.2 | AB36: 0.21 | AC36: 1.17 | AD36: =SUM(AA36:AC36) -> 1.58 | AE36: 0.31 | AF36: 0.93 | AG36: 0.55 | AH36: =SUM(AE36:AG36) -> 1.79 | AI36: 0.16 | AJ36: 0.37 | AK36: 0.1 | AL36: =SUM(AI36:AK36) -> 0.63 | AM36: 0.22 | AN36: 0.89 | AO36: 0.24 | AP36: =SUM(AM36:AO36) -> 1.35 | AQ36: 0.38 | AR36: 0.5 | AS36: 0.62 | AT36: =SUM(AQ36:AS36) -> 1.5 | AU36: 0.43 | AV36: 0.44 | AW36: 0.11 | AX36: =SUM(AU36:AW36) -> 0.98 | AY36: 1.6 | AZ36: 1.7 | BA36: 0.42 | BB36: =SUM(AY36:BA36) -> 3.72
A37: 32 | B37: Kerala | C37: =G37+K37+O37+S37+W37+AA37+AE37+AI37+AM37+AQ37+AU37+AY37 -> 13168.84 | D37: =H37+L37+P37+T37+X37+AB37+AF37+AJ37+AN37+AR37+AV37+AZ37 -> 16002.96 | E37: =I37+M37+Q37+U37+Y37+AC37+AG37+AK37+AO37+AS37+AW37+BA37 -> 6773.33 | F37: =J37+N37+R37+V37+Z37+AD37+AH37+AL37+AP37+AT37+AX37+BB37 -> 35945.13 | G37: 1228.62 | H37: 1517.54 | I37: 674.29 | J37: =SUM(G37:I37) -> 3420.45 | K37: 1007.61 | L37: 1265.26 | M37: 932.01 | N37: =SUM(K37:M37) -> 3204.88 | O37: 1055.46 | P37: 1304.6 | Q37: 489.64 | R37: =SUM(O37:Q37) -> 2849.7 | S37: 998.2 | T37: 1203.01 | U37: 509.74 | V37: =SUM(S37:U37) -> 2710.95 | W37: 991.22 | X37: 1220.93 | Y37: 504.63 | Z37: =SUM(W37:Y37) -> 2716.78 | AA37: 1058.05 | AB37: 1371.62 | AC37: 579.88 | AD37: =SUM(AA37:AC37) -> 3009.55 | AE37: 1060.65 | AF37: 1280.81 | AG37: 487.66 | AH37: =SUM(AE37:AG37) -> 2829.12 | AI37: 1097.56 | AJ37: 1304.25 | AK37: 498.53 | AL37: =SUM(AI37:AK37) -> 2900.34 | AM37: 1038.41 | AN37: 1235.91 | AO37: 477.7 | AP37: =SUM(AM37:AO37) -> 2752.02 | AQ37: 1239.28 | AR37: 1488.5 | AS37: 532.61 | AT37: =SUM(AQ37:AS37) -> 3260.39 | AU37: 1220.64 | AV37: 1437.55 | AW37: 561.89 | AX37: =SUM(AU37:AW37) -> 3220.08 | AY37: 1173.14 | AZ37: 1372.98 | BA37: 524.75 | BB37: =SUM(AY37:BA37) -> 3070.87
A38: 33 | B38: Tamil Nadu | C38: =G38+K38+O38+S38+W38+AA38+AE38+AI38+AM38+AQ38+AU38+AY38 -> 36968.18 | D38: =H38+L38+P38+T38+X38+AB38+AF38+AJ38+AN38+AR38+AV38+AZ38 -> 47618.56 | E38: =I38+M38+Q38+U38+Y38+AC38+AG38+AK38+AO38+AS38+AW38+BA38 -> 45661.34 | F38: =J38+N38+R38+V38+Z38+AD38+AH38+AL38+AP38+AT38+AX38+BB38 -> 130248.08 | G38: 3815.04 | H38: 4848.44 | I38: 4332.31 | J38: =SUM(G38:I38) -> 12995.79 | K38: 2983.15 | L38: 3909.9 | M38: 4688.57 | N38: =SUM(K38:M38) -> 11581.62 | O38: 2886.21 | P38: 3727.98 | Q38: 3348.63 | R38: =SUM(O38:Q38) -> 9962.82 | S38: 2987.26 | T38: 3819.54 | U38: 3729.51 | V38: =SUM(S38:U38) -> 10536.31 | W38: 3105.19 | X38: 4038.01 | Y38: 3185.78 | Z38: =SUM(W38:Y38) -> 10328.98 | AA38: 3069.98 | AB38: 4018.26 | AC38: 3581.41 | AD38: =SUM(AA38:AC38) -> 10669.65 | AE38: 3108.62 | AF38: 4038.98 | AG38: 4150.02 | AH38: =SUM(AE38:AG38) -> 11297.62 | AI38: 3009.29 | AJ38: 3763.78 | AK38: 3442.15 | AL38: =SUM(AI38:AK38) -> 10215.22 | AM38: 2723.31 | AN38: 3598.48 | AO38: 3454.14 | AP38: =SUM(AM38:AO38) -> 9775.93 | AQ38: 3066.33 | AR38: 3947.34 | AS38: 3893.34 | AT38: =SUM(AQ38:AS38) -> 10907.01 | AU38: 2960.59 | AV38: 3713.25 | AW38: 4335.35 | AX38: =SUM(AU38:AW38) -> 11009.19 | AY38: 3253.21 | AZ38: 4194.6 | BA38: 3520.13 | BB38: =SUM(AY38:BA38) -> 10967.94
... A45: 99 | B45: OIDAR | C45: =G45+K45+O45+S45+W45+AA45+AE45+AI45+AM45+AQ45+AU45+AY45 -> 0 | D45: =H45+L45+P45+T45+X45+AB45+AF45+AJ45+AN45+AR45+AV45+AZ45 -> 0 | E45: =I45+M45+Q45+U45+Y45+AC45+AG45+AK45+AO45+AS45+AW45+BA45 -> 4487.79 | F45: =J45+N45+R45+V45+Z45+AD45+AH45+AL45+AP45+AT45+AX45+BB45 -> 4487.79 | G45: 0 | H45: 0 | I45: 299.58 | J45: =SUM(G45:I45) -> 299.58 | K45: 0 | L45: 0 | M45: 323.78 | N45: =SUM(K45:M45) -> 323.78 | O45: 0 | P45: 0 | Q45: 317.09 | R45: =SUM(O45:Q45) -> 317.09 | S45: 0 | T45: 0 | U45: 310.98 | V45: =SUM(S45:U45) -> 310.98 | W45: 0 | X45: 0 | Y45: 396.32 | Z45: =SUM(W45:Y45) -> 396.32 | AA45: 0 | AB45: 0 | AC45: 391.55 | AD45: =SUM(AA45:AC45) -> 391.55 | AE45: 0 | AF45: 0 | AG45: 365.78 | AH45: =SUM(AE45:AG45) -> 365.78 | AI45: 0 | AJ45: 0 | AK45: 438.12 | AL45: =SUM(AI45:AK45) -> 438.12 | AM45: 0 | AN45: 0 | AO45: 390.88 | AP45: =SUM(AM45:AO45) -> 390.88 | AQ45: 0 | AR45: 0 | AS45: 389.69 | AT45: =SUM(AQ45:AS45) -> 389.69 | AU45: 0 | AV45: 0 | AW45: 466.31 | AX45: =SUM(AU45:AW45) -> 466.31 | AY45: 0 | AZ45: 0 | BA45: 397.71 | BB45: =SUM(AY45:BA45) -> 397.71
A46: Domestic GST Collection- All India | C46: =SUM(C7:C45) -> 444309.48 | D46: =SUM(D7:D45) -> 551301.6 | E46: =SUM(E7:E45) -> 636158.3 | F46: =SUM(F7:F45) -> 1631769.4 | G46: =SUM(G7:G45) -> 48633.73 | H46: =SUM(H7:H45) -> 59372.43 | I46: =SUM(I7:I45) -> 69504.38 | J46: =SUM(J7:J45) -> 177510.54 | ... BB46: =SUM(BB7:BB45) -> 146202.27
A48: IGST and CESS on Import - All India | C48: =G48+K48+O48+S48+W48+AA48+AE48+AI48+AM48+AQ48+AU48+AY48 -> 0 | D48: =H48+L48+P48+T48+X48+AB48+AF48+AJ48+AN48+AR48+AV48+AZ48 -> 0 | E48: =I48+M48+Q48+U48+Y48+AC48+AG48+AK48+AO48+AS48+AW48+BA48 -> 595326.35 | F48: =J48+N48+R48+V48+Z48+AD48+AH48+AL48+AP48+AT48+AX48+BB48 -> 595326.35 | G48: 0 | H48: 0 | I48: 45754 | J48: 45754 | K48: 0 | L48: 0 | M48: 50069.711 | N48: 50069.711 | O48: 0 | P48: 0 | Q48: 44599.516 | R48: 44599.516 | S48: 0 | T48: 0 | U48: 51625.849 | V48: 51625.849 | W48: 0 | X48: 0 | Y48: 48546.49 | Z48: 48546.49 | AA48: 0 | AB48: 0 | AC48: 52030.524 | AD48: 52030.524 | AE48: 0 | AF48: 0 | AG48: 50796.395 | AH48: 50796.395 | AI48: 0 | AJ48: 0 | AK48: 45976.177 | AL48: 45976.177 | AM48: 0 | AN48: 0 | AO48: 51976.58 | AP48: 51976.58 | AQ48: 0 | AR48: 0 | AS48: 52252.656 | AT48: 52252.656 | AU48: 0 | AV48: 0 | AW48: 47837.017 | AX48: 47837.017 | AY48: 0 | AZ48: 0 | BA48: 53861.433 | BB48: 53861.433
A50: Gross Revenue | C50: =C48+C46 -> 444309.48 | D50: =D48+D46 -> 551301.6 | E50: =E48+E46 -> 1231484.6 | F50: =F48+F46 -> 2227095.7 | G50: =G48+G46 -> 48633.73 | H50: =H48+H46 -> 59372.43 | I50: =I48+I46 -> 115258.38 | J50: =J48+J46 -> 223264.54 | ... BB50: =BB48+BB46 -> 200063.7
B53: Note :
B54: The above numbers are provisional and the actual numbers may slightly vary on finalisation

Sheet Refund-Statewise
A1: REFUND DISBURSED STATE WISE MONTH WISE DURING FINANCIAL YEAR 2025-2026
A2: ='GST_Revenue-All_India'!A3 -> Data upto : 31st Mar 2026
C3: (Rs. In Crore)
A4: State Wise Domestic Refund Disbursemet (RFD-05)
A7: State CD | B7: State | C7: ='GST_Revenue-All_India'!B7 -> Financial Year (up to the Month - Mar 2026) | G7: 45748 | K7: 45778 | O7: 45809 | S7: 45839 | W7: 45870 | AA7: 45901 | AE7: 45931 | AI7: 45962 | AM7: 45992 | AQ7: 46023 | AU7: 46054 | AY7: 46082
C8: CGST | D8: SGST | E8: IGST | F8: TOTAL | G8: CGST | H8: SGST | I8: IGST | J8: TOTAL | K8: CGST | L8: SGST | M8: IGST | N8: TOTAL | O8: CGST | P8: SGST | Q8: IGST | R8: TOTAL | S8: CGST | T8: SGST | U8: IGST | V8: TOTAL | W8: CGST | X8: SGST | Y8: IGST | Z8: TOTAL | AA8: CGST | AB8: SGST | AC8: IGST | AD8: TOTAL | AE8: CGST | AF8: SGST | AG8: IGST | AH8: TOTAL | AI8: CGST | AJ8: SGST | AK8: IGST | AL8: TOTAL | AM8: CGST | AN8: SGST | AO8: IGST | AP8: TOTAL | AQ8: CGST | AR8: SGST | AS8: IGST | AT8: TOTAL | AU8: CGST | AV8: SGST | AW8: IGST | AX8: TOTAL | AY8: CGST | AZ8: SGST | BA8: IGST | BB8: TOTAL
A9: 1 | B9: Jammu and Kashmir | C9: =G9+K9+O9+S9+W9+AA9+AE9+AI9+AM9+AQ9+AU9+AY9 -> 72.79 | D9: =H9+L9+P9+T9+X9+AB9+AF9+AJ9+AN9+AR9+AV9+AZ9 -> 74.49 | E9: =I9+M9+Q9+U9+Y9+AC9+AG9+AK9+AO9+AS9+AW9+BA9 -> 137.62244 | F9: =J9+N9+R9+V9+Z9+AD9+AH9+AL9+AP9+AT9+AX9+BB9 -> 284.90244 | G9: 3.47 | H9: 3.4 | I9: 1.45 | J9: =SUM(G9:I9) -> 8.32 | K9: 1.9 | L9: 2.59 | M9: 6.3 | N9: =SUM(K9:M9) -> 10.79 | O9: 2.8 | P9: 1.94 | Q9: 2.93 | R9: =SUM(O9:Q9) -> 7.67 | S9: 1.42 | T9: 1.56 | U9: 4.58 | V9: =SUM(S9:U9) -> 7.56 | W9: 1.48 | X9: 1.69 | Y9: 7.78 | Z9: =SUM(W9:Y9) -> 10.95 | AA9: 3.46 | AB9: 4.16 | AC9: 7.73 | AD9: =SUM(AA9:AC9) -> 15.35 | AE9: 8.72 | AF9: 9.16 | AG9: 13.73 | AH9: =SUM(AE9:AG9) -> 31.61 | AI9: 8.02 | AJ9: 8.85 | AK9: 24.16 | AL9: =SUM(AI9:AK9) -> 41.03 | AM9: 9.01 | AN9: 9.5 | AO9: 16.82 | AP9: =SUM(AM9:AO9) -> 35.33 | AQ9: 5.67 | AR9: 5.62 | AS9: 11.21 | AT9: =SUM(AQ9:AS9) -> 22.5 | AU9: 14.58 | AV9: 13.3 | AW9: 25.82 | AX9: =SUM(AU9:AW9) -> 53.7 | AY9: 12.26 | AZ9: 12.72 | BA9: 15.112436 | BB9: =SUM(AY9:BA9) -> 40.092436
A10: 2 | B10: Himachal Pradesh | C10: =G10+K10+O10+S10+W10+AA10+AE10+AI10+AM10+AQ10+AU10+AY10 -> 292.1 | D10: =H10+L10+P10+T10+X10+AB10+AF10+AJ10+AN10+AR10+AV10+AZ10 -> 454.1 | E10: =I10+M10+Q10+U10+Y10+AC10+AG10+AK10+AO10+AS10+AW10+BA10 -> 990.18413 | F10: =J10+N10+R10+V10+Z10+AD10+AH10+AL10+AP10+AT10+AX10+BB10 -> 1736.3841 | G10: 11.77 | H10: 23.87 | I10: 93.67 | J10: =SUM(G10:I10) -> 129.31 | K10: 14.89 | L10: 32.38 | M10: 33.87 | N10: =SUM(K10:M10) -> 81.14 | O10: 13.01 | P10: 27.21 | Q10: 27.28 | R10: =SUM(O10:Q10) -> 67.5 | S10: 18.93 | T10: 29.95 | U10: 72.75 | V10: =SUM(S10:U10) -> 121.63 | W10: 11.07 | X10: 23.91 | Y10: 49.97 | Z10: =SUM(W10:Y10) -> 84.95 | AA10: 20.8 | AB10: 25.69 | AC10: 66.13 | AD10: =SUM(AA10:AC10) -> 112.62 | AE10: 16.58 | AF10: 36.5 | AG10: 47.48 | AH10: =SUM(AE10:AG10) -> 100.56 | AI10: 25.6 | AJ10: 33.08 | AK10: 50.47 | AL10: =SUM(AI10:AK10) -> 109.15 | AM10: 32.88 | AN10: 56.95 | AO10: 89.54 | AP10: =SUM(AM10:AO10) -> 179.37 | AQ10: 27.13 | AR10: 40.49 | AS10: 141.92 | AT10: =SUM(AQ10:AS10) -> 209.54 | AU10: 34.58 | AV10: 45.17 | AW10: 107.68 | AX10: =SUM(AU10:AW10) -> 187.43 | AY10: 64.86 | AZ10: 78.9 | BA10: 209.42413 | BB10: =SUM(AY10:BA10) -> 353.18413
A11: 3 | B11: Punjab | C11: =G11+K11+O11+S11+W11+AA11+AE11+AI11+AM11+AQ11+AU11+AY11 -> 785.46 | D11: =H11+L11+P11+T11+X11+AB11+AF11+AJ11+AN11+AR11+AV11+AZ11 -> 1485.17 | E11: =I11+M11+Q11+U11+Y11+AC11+AG11+AK11+AO11+AS11+AW11+BA11 -> 576.1764 | F11: =J11+N11+R11+V11+Z11+AD11+AH11+AL11+AP11+AT11+AX11+BB11 -> 2846.8064 | G11: 122.23 | H11: 177.53 | I11: 59.56 | J11: =SUM(G11:I11) -> 359.32 | K11: 46.11 | L11: 75.1 | M11: 50.55 | N11: =SUM(K11:M11) -> 171.76 | O11: 20.78 | P11: 31.22 | Q11: 11.01 | R11: =SUM(O11:Q11) -> 63.01 | S11: 41.03 | T11: 70.81 | U11: 28.32 | V11: =SUM(S11:U11) -> 140.16 | W11: 96.07 | X11: 155.58 | Y11: 74.59 | Z11: =SUM(W11:Y11) -> 326.24 | AA11: 109.52 | AB11: 155.32 | AC11: 97.56 | AD11: =SUM(AA11:AC11) -> 362.4 | AE11: 21.67 | AF11: 40.88 | AG11: 15.9 | AH11: =SUM(AE11:AG11) -> 78.45 | AI11: 21.65 | AJ11: 37.68 | AK11: 9.87 | AL11: =SUM(AI11:AK11) -> 69.2 | AM11: 92.8 | AN11: 199.94 | AO11: 37.18 | AP11: =SUM(AM11:AO11) -> 329.92 | AQ11: 68.72 | AR11: 192.5 | AS11: 31.74 | AT11: =SUM(AQ11:AS11) -> 292.96 | AU11: 51.75 | AV11: 110.46 | AW11: 56.82 | AX11: =SUM(AU11:AW11) -> 219.03 | AY11: 93.13 | AZ11: 238.15 | BA11: 103.0764 | BB11: =SUM(AY11:BA11) -> 434.3564
A12: 4 | B12: Chandigarh | C12: =G12+K12+O12+S12+W12+AA12+AE12+AI12+AM12+AQ12+AU12+AY12 -> 12.96 | D12: =H12+L12+P12+T12+X12+AB12+AF12+AJ12+AN12+AR12+AV12+AZ12 -> 13.24 | E12: =I12+M12+Q12+U12+Y12+AC12+AG12+AK12+AO12+AS12+AW12+BA12 -> 106.24621 | F12: =J12+N12+R12+V12+Z12+AD12+AH12+AL12+AP12+AT12+AX12+BB12 -> 132.44621 | G12: 0.36 | H12: 0.41 | I12: 2 | J12: =SUM(G12:I12) -> 2.77 | K12: 1.18 | L12: 1.16 | M12: 23.75 | N12: =SUM(K12:M12) -> 26.09 | O12: 0.81 | P12: 0.86 | Q12: 5.64 | R12: =SUM(O12:Q12) -> 7.31 | S12: 1.35 | T12: 1.35 | U12: 7.41 | V12: =SUM(S12:U12) -> 10.11 | W12: 1.86 | X12: 1.73 | Y12: 5.09 | Z12: =SUM(W12:Y12) -> 8.68 | AA12: 0.69 | AB12: 0.97 | AC12: 3.7 | AD12: =SUM(AA12:AC12) -> 5.36 | AE12: 1.69 | AF12: 1.43 | AG12: 1.12 | AH12: =SUM(AE12:AG12) -> 4.24 | AI12: 0.95 | AJ12: 0.95 | AK12: 0.75 | AL12: =SUM(AI12:AK12) -> 2.65 | AM12: 0.11 | AN12: 0.28 | AO12: 0.46 | AP12: =SUM(AM12:AO12) -> 0.85 | AQ12: 1.74 | AR12: 1.74 | AS12: 21.63 | AT12: =SUM(AQ12:AS12) -> 25.11 | AU12: 0.29 | AV12: 0.29 | AW12: 2.83 | AX12: =SUM(AU12:AW12) -> 3.41 | AY12: 1.93 | AZ12: 2.07 | BA12: 31.866208 | BB12: =SUM(AY12:BA12) -> 35.866208
A13: 5 | B13: Uttarakhand | C13: =G13+K13+O13+S13+W13+AA13+AE13+AI13+AM13+AQ13+AU13+AY13 -> 294.75936 | D13: =H13+L13+P13+T13+X13+AB13+AF13+AJ13+AN13+AR13+AV13+AZ13 -> 440.11 | E13: =I13+M13+Q13+U13+Y13+AC13+AG13+AK13+AO13+AS13+AW13+BA13 -> 635.22894 | F13: =J13+N13+R13+V13+Z13+AD13+AH13+AL13+AP13+AT13+AX13+BB13 -> 1370.0983 | G13: 14.63 | H13: 29.31 | I13: 33.44 | J13: =SUM(G13:I13) -> 77.38 | K13: 32.03 | L13: 45.33 | M13: 57.66 | N13: =SUM(K13:M13) -> 135.02 | O13: 24.54 | P13: 36.21 | Q13: 65.76 | R13: =SUM(O13:Q13) -> 126.51 | S13: 13.03 | T13: 20.01 | U13: 20.41 | V13: =SUM(S13:U13) -> 53.45 | W13: 10.92 | X13: 14.88 | Y13: 21.39 | Z13: =SUM(W13:Y13) -> 47.19 | AA13: 17.45 | AB13: 25.11 | AC13: 57.54 | AD13: =SUM(AA13:AC13) -> 100.1 | AE13: 18.17 | AF13: 25.37 | AG13: 31.05 | AH13: =SUM(AE13:AG13) -> 74.59 | AI13: 18.18 | AJ13: 25.04 | AK13: 87.03 | AL13: =SUM(AI13:AK13) -> 130.25 | AM13: 33.25 | AN13: 53.18 | AO13: 51.81 | AP13: =SUM(AM13:AO13) -> 138.24 | AQ13: 48.59 | AR13: 77.12 | AS13: 69.37 | AT13: =SUM(AQ13:AS13) -> 195.08 | AU13: 24.42 | AV13: 35.15 | AW13: 43.77 | AX13: =SUM(AU13:AW13) -> 103.34 | AY13: 39.549355 | AZ13: 53.4 | BA13: 95.998939 | BB13: =SUM(AY13:BA13) -> 188.94829
A14: 6 | B14: Haryana | C14: =G14+K14+O14+S14+W14+AA14+AE14+AI14+AM14+AQ14+AU14+AY14 -> 2238.4493 | D14: =H14+L14+P14+T14+X14+AB14+AF14+AJ14+AN14+AR14+AV14+AZ14 -> 2487.76 | E14: =I14+M14+Q14+U14+Y14+AC14+AG14+AK14+AO14+AS14+AW14+BA14 -> 6352.7701 | F14: =J14+N14+R14+V14+Z14+AD14+AH14+AL14+AP14+AT14+AX14+BB14 -> 11078.979 | G14: 133.77 | H14: 171.35 | I14: 310.24 | J14: =SUM(G14:I14) -> 615.36 | K14: 201.47 | L14: 226.7 | M14: 1551.64 | N14: =SUM(K14:M14) -> 1979.81 | O14: 213.48 | P14: 237.97 | Q14: 400.56 | R14: =SUM(O14:Q14) -> 852.01 | S14: 261.03 | T14: 256.24 | U14: 448.03 | V14: =SUM(S14:U14) -> 965.3 | W14: 143.41 | X14: 154.81 | Y14: 289.09 | Z14: =SUM(W14:Y14) -> 587.31 | AA14: 177.43 | AB14: 218.47 | AC14: 661.67 | AD14: =SUM(AA14:AC14) -> 1057.57 | AE14: 186.28 | AF14: 202.45 | AG14: 322.25 | AH14: =SUM(AE14:AG14) -> 710.98 | AI14: 118.82 | AJ14: 122.92 | AK14: 232.65 | AL14: =SUM(AI14:AK14) -> 474.39 | AM14: 199.15 | AN14: 213.07 | AO14: 956.35 | AP14: =SUM(AM14:AO14) -> 1368.57 | AQ14: 217.11 | AR14: 234.3 | AS14: 328.91 | AT14: =SUM(AQ14:AS14) -> 780.32 | AU14: 139.19 | AV14: 163.37 | AW14: 295.1 | AX14: =SUM(AU14:AW14) -> 597.66 | AY14: 247.30926 | AZ14: 286.11 | BA14: 556.28005 | BB14: =SUM(AY14:BA14) -> 1089.6993
A15: 7 | B15: Delhi | C15: =G15+K15+O15+S15+W15+AA15+AE15+AI15+AM15+AQ15+AU15+AY15 -> 618.62803 | D15: =H15+L15+P15+T15+X15+AB15+AF15+AJ15+AN15+AR15+AV15+AZ15 -> 789.02 | E15: =I15+M15+Q15+U15+Y15+AC15+AG15+AK15+AO15+AS15+AW15+BA15 -> 3991.2089 | F15: =J15+N15+R15+V15+Z15+AD15+AH15+AL15+AP15+AT15+AX15+BB15 -> 5398.8569 | G15: 44.93 | H15: 55.74 | I15: 65.97 | J15: =SUM(G15:I15) -> 166.64 | K15: 62.61 | L15: 80.22 | M15: 92.07 | N15: =SUM(K15:M15) -> 234.9 | O15: 52.4 | P15: 60.96 | Q15: 81.75 | R15: =SUM(O15:Q15) -> 195.11 | S15: 73.53 | T15: 89.52 | U15: 117.7 | V15: =SUM(S15:U15) -> 280.75 | W15: 30.04 | X15: 39.22 | Y15: 49.04 | Z15: =SUM(W15:Y15) -> 118.3 | AA15: 70.76 | AB15: 93 | AC15: 1705.35 | AD15: =SUM(AA15:AC15) -> 1869.11 | AE15: 75.41 | AF15: 91.22 | AG15: 159.72 | AH15: =SUM(AE15:AG15) -> 326.35 | AI15: 26.31 | AJ15: 33.03 | AK15: 52.02 | AL15: =SUM(AI15:AK15) -> 111.36 | AM15: 42.33 | AN15: 53.49 | AO15: 1436.83 | AP15: =SUM(AM15:AO15) -> 1532.65 | AQ15: 49.77 | AR15: 67.69 | AS15: 108.87 | AT15: =SUM(AQ15:AS15) -> 226.33 | AU15: 48.92 | AV15: 68.38 | AW15: 63.45 | AX15: =SUM(AU15:AW15) -> 180.75 | AY15: 41.618033 | AZ15: 56.55 | BA15: 58.438876 | BB15: =SUM(AY15:BA15) -> 156.60691
A16: 8 | B16: Rajasthan | C16: =G16+K16+O16+S16+W16+AA16+AE16+AI16+AM16+AQ16+AU16+AY16 -> 1059.78 | D16: =H16+L16+P16+T16+X16+AB16+AF16+AJ16+AN16+AR16+AV16+AZ16 -> 1370.91 | E16: =I16+M16+Q16+U16+Y16+AC16+AG16+AK16+AO16+AS16+AW16+BA16 -> 1730.53 | F16: =J16+N16+R16+V16+Z16+AD16+AH16+AL16+AP16+AT16+AX16+BB16 -> 4161.22 | G16: 68.9 | H16: 80.09 | I16: 146.03 | J16: =SUM(G16:I16) -> 295.02 | K16: 119.86 | L16: 189.84 | M16: 249.86 | N16: =SUM(K16:M16) -> 559.56 | O16: 64.02 | P16: 91.16 | Q16: 107.99 | R16: =SUM(O16:Q16) -> 263.17 | S16: 103.22 | T16: 122.28 | U16: 167.13 | V16: =SUM(S16:U16) -> 392.63 | W16: 82.02 | X16: 102.48 | Y16: 157.31 | Z16: =SUM(W16:Y16) -> 341.81 | AA16: 113.36 | AB16: 136.51 | AC16: 202.87 | AD16: =SUM(AA16:AC16) -> 452.74 | AE16: 72.65 | AF16: 95.69 | AG16: 80.05 | AH16: =SUM(AE16:AG16) -> 248.39 | AI16: 44.01 | AJ16: 63.35 | AK16: 64.72 | AL16: =SUM(AI16:AK16) -> 172.08 | AM16: 127.3 | AN16: 159.23 | AO16: 163.74 | AP16: =SUM(AM16:AO16) -> 450.27 | AQ16: 80.76 | AR16: 97.51 | AS16: 124.59 | AT16: =SUM(AQ16:AS16) -> 302.86 | AU16: 75.6 | AV16: 93.27 | AW16: 134.92 | AX16: =SUM(AU16:AW16) -> 303.79 | AY16: 108.08 | AZ16: 139.5 | BA16: 131.32 | BB16: =SUM(AY16:BA16) -> 378.9
A17: 9 | B17: Uttar Pradesh | C17: =G17+K17+O17+S17+W17+AA17+AE17+AI17+AM17+AQ17+AU17+AY17 -> 2444.6325 | D17: =H17+L17+P17+T17+X17+AB17+AF17+AJ17+AN17+AR17+AV17+AZ17 -> 2553.4399 | E17: =I17+M17+Q17+U17+Y17+AC17+AG17+AK17+AO17+AS17+AW17+BA17 -> 3829.9939 | F17: =J17+N17+R17+V17+Z17+AD17+AH17+AL17+AP17+AT17+AX17+BB17 -> 8828.0663 | G17: 183.68 | H17: 175.8 | I17: 249.23 | J17: =SUM(G17:I17) -> 608.71 | K17: 316.12 | L17: 293.18 | M17: 346.08 | N17: =SUM(K17:M17) -> 955.38 | O17: 168.47 | P17: 184.53 | Q17: 357.86 | R17: =SUM(O17:Q17) -> 710.86 | S17: 197.04 | T17: 199.51 | U17: 232.71 | V17: =SUM(S17:U17) -> 629.26 | W17: 155.85 | X17: 147.77 | Y17: 486.1 | Z17: =SUM(W17:Y17) -> 789.72 | AA17: 202.71 | AB17: 228.22 | AC17: 426.68 | AD17: =SUM(AA17:AC17) -> 857.61 | AE17: 182.39 | AF17: 179.5 | AG17: 189.09 | AH17: =SUM(AE17:AG17) -> 550.98 | AI17: 144.02 | AJ17: 154.15 | AK17: 205.03 | AL17: =SUM(AI17:AK17) -> 503.2 | AM17: 257.42 | AN17: 275.08 | AO17: 415.49 | AP17: =SUM(AM17:AO17) -> 947.99 | AQ17: 179.41 | AR17: 199.38 | AS17: 305.29 | AT17: =SUM(AQ17:AS17) -> 684.08 | AU17: 182.16 | AV17: 210.62 | AW17: 267.73 | AX17: =SUM(AU17:AW17) -> 660.51 | AY17: 275.3625 | AZ17: 305.69994 | BA17: 348.70388 | BB17: =SUM(AY17:BA17) -> 929.76632
A18: 10 | B18: Bihar | C18: =G18+K18+O18+S18+W18+AA18+AE18+AI18+AM18+AQ18+AU18+AY18 -> 102.17 | D18: =H18+L18+P18+T18+X18+AB18+AF18+AJ18+AN18+AR18+AV18+AZ18 -> 100.09 | E18: =I18+M18+Q18+U18+Y18+AC18+AG18+AK18+AO18+AS18+AW18+BA18 -> 56.19 | F18: =J18+N18+R18+V18+Z18+AD18+AH18+AL18+AP18+AT18+AX18+BB18 -> 258.45 | G18: 0.87 | H18: 0.64 | I18: 1.34 | J18: =SUM(G18:I18) -> 2.85 | K18: 5.14 | L18: 5.43 | M18: 0.75 | N18: =SUM(K18:M18) -> 11.32 | O18: 5.73 | P18: 6.1 | Q18: 8.34 | R18: =SUM(O18:Q18) -> 20.17 | S18: 3.84 | T18: 4.18 | U18: 7.33 | V18: =SUM(S18:U18) -> 15.35 | W18: 1.34 | X18: 1.26 | Y18: 1.84 | Z18: =SUM(W18:Y18) -> 4.44 | AA18: 5.08 | AB18: 4.91 | AC18: 5.58 | AD18: =SUM(AA18:AC18) -> 15.57 | AE18: 9.17 | AF18: 10.04 | AG18: 4.38 | AH18: =SUM(AE18:AG18) -> 23.59 | AI18: 3.34 | AJ18: 3.24 | AK18: 6.52 | AL18: =SUM(AI18:AK18) -> 13.1 | AM18: 4.54 | AN18: 4.06 | AO18: 3.54 | AP18: =SUM(AM18:AO18) -> 12.14 | AQ18: 8.23 | AR18: 5.12 | AS18: 3.5 | AT18: =SUM(AQ18:AS18) -> 16.85 | AU18: 2.58 | AV18: 2.61 | AW18: 8.28 | AX18: =SUM(AU18:AW18) -> 13.47 | AY18: 52.31 | AZ18: 52.5 | BA18: 4.79 | BB18: =SUM(AY18:BA18) -> 109.6
A19: 11 | B19: Sikkim | C19: =G19+K19+O19+S19+W19+AA19+AE19+AI19+AM19+AQ19+AU19+AY19 -> 3.03 | D19: =H19+L19+P19+T19+X19+AB19+AF19+AJ19+AN19+AR19+AV19+AZ19 -> 4.93 | E19: =I19+M19+Q19+U19+Y19+AC19+AG19+AK19+AO19+AS19+AW19+BA19 -> 1.81 | F19: =J19+N19+R19+V19+Z19+AD19+AH19+AL19+AP19+AT19+AX19+BB19 -> 9.77 | G19: 0.11 | H19: 0.07 | I19: 0.11 | J19: =SUM(G19:I19) -> 0.29 | K19: 0.01 | L19: 0.01 | M19: 0 | N19: =SUM(K19:M19) -> 0.02 | O19: 0.05 | P19: 0.02 | Q19: 0.1 | R19: =SUM(O19:Q19) -> 0.17 | S19: 0 | T19: 0 | U19: 0 | V19: =SUM(S19:U19) -> 0 | W19: 0.02 | X19: 0.02 | Y19: 0.73 | Z19: =SUM(W19:Y19) -> 0.77 | AA19: 0.02 | AB19: 0.02 | AC19: 0.02 | AD19: =SUM(AA19:AC19) -> 0.06 | AE19: 0.04 | AF19: 0.04 | AG19: 0.4 | AH19: =SUM(AE19:AG19) -> 0.48 | AI19: 0.43 | AJ19: 0.43 | AK19: 0.16 | AL19: =SUM(AI19:AK19) -> 1.02 | AM19: 1.44 | AN19: 1.44 | AO19: 0 | AP19: =SUM(AM19:AO19) -> 2.88 | AQ19: 0.69 | AR19: 0.69 | AS19: 0.15 | AT19: =SUM(AQ19:AS19) -> 1.53 | AU19: 0 | AV19: 0 | AW19: 0.09 | AX19: =SUM(AU19:AW19) -> 0.09 | AY19: 0.22 | AZ19: 2.19 | BA19: 0.05 | BB19: =SUM(AY19:BA19) -> 2.46
A20: 12 | B20: Arunachal Pradesh | C20: =G20+K20+O20+S20+W20+AA20+AE20+AI20+AM20+AQ20+AU20+AY20 -> 6.17 | D20: =H20+L20+P20+T20+X20+AB20+AF20+AJ20+AN20+AR20+AV20+AZ20 -> 5.97 | E20: =I20+M20+Q20+U20+Y20+AC20+AG20+AK20+AO20+AS20+AW20+BA20 -> 0.98 | F20: =J20+N20+R20+V20+Z20+AD20+AH20+AL20+AP20+AT20+AX20+BB20 -> 13.12 | G20: 0.6 | H20: 0.51 | I20: 0 | J20: =SUM(G20:I20) -> 1.11 | K20: 0 | L20: 0 | M20: 0 | N20: =SUM(K20:M20) -> 0 | O20: 0.55 | P20: 0.55 | Q20: 0.17 | R20: =SUM(O20:Q20) -> 1.27 | S20: 0.2 | T20: 0.2 | U20: 0.01 | V20: =SUM(S20:U20) -> 0.41 | W20: 0.03 | X20: 0.03 | Y20: 0 | Z20: =SUM(W20:Y20) -> 0.06 | AA20: 0.16 | AB20: 0.16 | AC20: 0.31 | AD20: =SUM(AA20:AC20) -> 0.63 | AE20: 0.59 | AF20: 0.59 | AG20: 0 | AH20: =SUM(AE20:AG20) -> 1.18 | AI20: 0 | AJ20: 0 | AK20: 0 | AL20: =SUM(AI20:AK20) -> 0 | AM20: 0.9 | AN20: 0.9 | AO20: 0.18 | AP20: =SUM(AM20:AO20) -> 1.98 | AQ20: 2.38 | AR20: 2.34 | AS20: 0.07 | AT20: =SUM(AQ20:AS20) -> 4.79 | AU20: 0.75 | AV20: 0.68 | AW20: 0 | AX20: =SUM(AU20:AW20) -> 1.43 | AY20: 0.01 | AZ20: 0.01 | BA20: 0.24 | BB20: =SUM(AY20:BA20) -> 0.26
... A46: 99 | B46: OIDAR | C46: =G46+K46+O46+S46+W46+AA46+AE46+AI46+AM46+AQ46+AU46+AY46 -> 0 | D46: =H46+L46+P46+T46+X46+AB46+AF46+AJ46+AN46+AR46+AV46+AZ46 -> 0 | E46: =I46+M46+Q46+U46+Y46+AC46+AG46+AK46+AO46+AS46+AW46+BA46 -> 0 | F46: =J46+N46+R46+V46+Z46+AD46+AH46+AL46+AP46+AT46+AX46+BB46 -> 0 | G46: 0 | H46: 0 | I46: 0 | J46: =SUM(G46:I46) -> 0 | K46: 0 | L46: 0 | M46: 0 | N46: =SUM(K46:M46) -> 0 | O46: 0 | P46: 0 | Q46: 0 | R46: =SUM(O46:Q46) -> 0 | S46: 0 | T46: 0 | U46: 0 | V46: =SUM(S46:U46) -> 0 | W46: 0 | X46: 0 | Y46: 0 | Z46: =SUM(W46:Y46) -> 0 | AA46: 0 | AB46: 0 | AC46: 0 | AD46: =SUM(AA46:AC46) -> 0 | AE46: 0 | AF46: 0 | AG46: 0 | AH46: =SUM(AE46:AG46) -> 0 | AI46: 0 | AJ46: 0 | AK46: 0 | AL46: =SUM(AI46:AK46) -> 0 | AM46: 0 | AN46: 0 | AO46: 0 | AP46: =SUM(AM46:AO46) -> 0 | AQ46: 0 | AR46: 0 | AS46: 0 | AT46: =SUM(AQ46:AS46) -> 0 | AU46: 0 | AV46: 0 | AW46: 0 | AX46: =SUM(AU46:AW46) -> 0 | AY46: 0 | AZ46: 0 | BA46: 0 | BB46: =SUM(AY46:BA46) -> 0
A47: Domestic Refund (RFD-05) - All India | C47: =SUM(C9:C46) -> 38740.973 | D47: =SUM(D9:D46) -> 49440.28 | E47: =SUM(E9:E46) -> 75880.877 | F47: =SUM(F9:F46) -> 164062.13 | G47: =SUM(G9:G46) -> 3232.6 | H47: =SUM(H9:H46) -> 3847.69 | I47: =SUM(I9:I46) -> 5854.4 | J47: =SUM(J9:J46) -> 12934.69 | ... BB47: =SUM(BB9:BB46) -> 14859.6
A49: IGST and CESS Refund on Exports (disbursed by Customs) | C49: =G49+K49+O49+S49+W49+AA49+AE49+AI49+AM49+AQ49+AU49+AY49 -> 0 | D49: =H49+L49+P49+T49+X49+AB49+AF49+AJ49+AN49+AR49+AV49+AZ49 -> 0 | E49: =I49+M49+Q49+U49+Y49+AC49+AG49+AK49+AO49+AS49+AW49+BA49 -> 128568.44 | F49: =J49+N49+R49+V49+Z49+AD49+AH49+AL49+AP49+AT49+AX49+BB49 -> 128568.44 | G49: 0 | H49: 0 | I49: 13716.324 | J49: 13716.324 | K49: 0 | L49: 0 | M49: 8793.5522 | N49: 8793.5522 | O49: 0 | P49: 0 | Q49: 12688.465 | R49: 12688.465 | S49: 0 | T49: 0 | U49: 10014.285 | V49: 10014.285 | W49: 0 | X49: 0 | Y49: 8220.8262 | Z49: 8220.8262 | AA49: 0 | AB49: 0 | AC49: 12242.167 | AD49: 12242.167 | AE49: 0 | AF49: 0 | AG49: 13463.382 | AH49: 13463.382 | AI49: 0 | AJ49: 0 | AK49: 9455.3185 | AL49: 9455.3185 | AM49: 0 | AN49: 0 | AO49: 10557.746 | AP49: 10557.746 | AQ49: 0 | AR49: 0 | AS49: 9546.1517 | AT49: 9546.1517 | AU49: 0 | AV49: 0 | AW49: 12656.207 | AX49: 12656.207 | AY49: 0 | AZ49: 0 | BA49: 7214.0167 | BB49: 7214.0167
A51: Total GST Refund - All India | C51: =C49+C47 -> 38740.973 | D51: =D49+D47 -> 49440.28 | E51: =E49+E47 -> 204449.32 | F51: =F49+F47 -> 292630.57 | G51: =G49+G47 -> 3232.6 | H51: =H49+H47 -> 3847.69 | I51: =I49+I47 -> 19570.724 | J51: =J49+J47 -> 26651.014 | ... BB51: =BB49+BB47 -> 22073.617
B55: Note :
B56: The above numbers are provisional and the actuals number may have slightly vary on finalisation
